zipcode,population,centroid_lat,centroid_lon,regional spatial type,capacity,rc_centroid_lat,rc_centroid_lon,Postcode Sectors,Facility name,Tier,index
0,"10,092 ",50.73954026,-1.733754744,urban,0 ,,,BH23 4,,,
1,"7,349 ",50.74386741,-1.705925912,urban,0 ,,,BH23 5,,,
2,"4,971 ",50.75571029,-1.761973988,urban,0 ,,,BH23 7,,,
3,"4,561 ",50.77928023,-1.7399253,urban,0 ,,,BH23 8,,,
4,"10,507 ",50.84975842,-1.78242416,urban,0 ,,,BH24 1,,,
5,"5,187 ",50.8521089,-1.775153193,urban,"67,096 ",50.860711,-1.828803,BH24 3,Somerley,3,j1
6,"1,290 ",50.83197023,-1.706836841,urban,0 ,,,BH24 4,,,
7,"12,364 ",50.76061861,-1.654104962,urban,0 ,,,BH25 5,,,
8,"6,644 ",50.75171068,-1.65762938,urban,0 ,,,BH25 6,,,
9,"6,629 ",50.74173155,-1.66682865,urban,0 ,,,BH25 7,,,
10,"6,976 ",51.18889755,-0.817886059,urban,0 ,,,GU10 4,,,
11,"4,454 ",51.22068087,-0.849701954,urban,0 ,,,GU10 5,,,
12,"7,721 ",51.2493189,-0.765352743,urban,0 ,,,GU11 1,,,
13,"3,791 ",51.26162728,-0.752068556,urban,0 ,,,GU11 2,,,
14,"13,325 ",51.24304816,-0.765573859,urban,0 ,,,GU11 3,,,
15,"2,330 ",51.25591278,-0.763876916,urban,0 ,,,GU11 4,,,
16,"14,971 ",51.24578309,-0.747547247,urban,"77,969 ",51.248115,-0.739722,GU12 4,Aldershot,3,j2
17,"7,917 ",51.28889432,-0.774403415,urban,0 ,,,GU14 0,,,
18,"10,193 ",51.27920291,-0.748594819,urban,0 ,,,GU14 6,,,
19,"7,317 ",51.28900901,-0.752755619,urban,"81,508 ",51.285378,-0.769089,GU14 7,Farnborough,2,j3
20,"15,950 ",51.30071232,-0.75956806,urban,0 ,,,GU14 8,,,
21,"15,847 ",51.30220132,-0.779582768,urban,0 ,,,GU14 9,,,
22,"7,262 ",51.33369302,-0.787599956,urban,0 ,,,GU17 0,,,
23,"4,686 ",51.322959,-0.785367895,urban,0 ,,,GU17 9,,,
24,"7,763 ",51.11025436,-0.746179108,urban,0 ,,,GU26 6,,,
25,"10,555 ",51.07580772,-0.803910216,rural,0 ,,,GU30 7,,,
26,"8,041 ",51.00362048,-0.929261034,rural,0 ,,,GU31 4,,,
27,"3,616 ",50.99102174,-0.884531035,rural,0 ,,,GU31 5,,,
28,"3,238 ",51.01078227,-1.013272065,rural,0 ,,,GU32 1,,,
29,"3,728 ",51.01311895,-0.935211857,rural,0 ,,,GU32 2,,,
30,"5,301 ",51.00414104,-0.944378969,rural,"63,215 ",51.003392,-0.947498,GU32 3,Petersfield,3,j4
31,"1,936 ",51.06314889,-0.904693994,rural,0 ,,,GU33 6,,,
32,"6,476 ",51.03965694,-0.887038634,rural,0 ,,,GU33 7,,,
33,"6,563 ",51.14626153,-0.980303479,rural,0 ,,,GU34 1,,,
34,"11,125 ",51.15337908,-0.971572529,rural,"73,278 ",51.148338,-0.962561,GU34 2,Alton,2,j5
35,"2,703 ",51.09983408,-0.972966051,rural,0 ,,,GU34 3,,,
36,"4,631 ",51.16473256,-0.949704857,rural,0 ,,,GU34 4,,,
37,"8,536 ",51.12947652,-1.040321102,rural,0 ,,,GU34 5,,,
38,"12,102 ",51.11681922,-0.856360969,rural,"56,516 ",51.120128,-0.86756,GU35 0,Bordon,3,j6
39,"5,273 ",51.11941462,-0.819085514,rural,0 ,,,GU35 8,,,
40,"6,758 ",51.11355676,-0.873149616,rural,0 ,,,GU35 9,,,
41,"10,922 ",51.33638555,-0.824232495,urban,0 ,,,GU46 6,,,
42,"3,783 ",51.34297738,-0.82387107,urban,0 ,,,GU46 7,,,
43,"5,277 ",51.29262928,-0.853039974,urban,0 ,,,GU51 1,,,
44,"2,559 ",51.29372046,-0.827961496,urban,0 ,,,GU51 2,,,
45,"8,575 ",51.28155872,-0.831043333,urban,0 ,,,GU51 3,,,
46,"4,362 ",51.28398193,-0.844727461,urban,0 ,,,GU51 4,,,
47,"4,372 ",51.27566164,-0.856712305,urban,0 ,,,GU51 5,,,
48,"2,470 ",51.26035954,-0.848289449,urban,0 ,,,GU52 0,,,
49,"7,126 ",51.26695243,-0.838050467,urban,0 ,,,GU52 6,,,
50,"3,640 ",51.27382557,-0.83828914,urban,0 ,,,GU52 7,,,
51,"5,584 ",51.26045816,-0.833603184,urban,0 ,,,GU52 8,,,
52,"5,804 ",50.79983632,-1.086858805,urban,0 ,,,PO1 1,,,
53,"4,956 ",50.79424831,-1.096786733,urban,0 ,,,PO1 2,,,
54,"5,428 ",50.79876493,-1.102689671,urban,0 ,,,PO1 3,,,
55,"5,031 ",50.80440881,-1.0849843,urban,0 ,,,PO1 4,,,
56,"10,242 ",50.80220356,-1.0751518,urban,0 ,,,PO1 5,,,
57,"10,273 ",50.85284774,-0.940393803,urban,0 ,,,PO10 7,,,
58,"7,519 ",50.79829341,-0.985966554,urban,0 ,,,PO11 0,,,
59,"9,870 ",50.78571802,-0.968531634,urban,"32,541 ",50.783816,-0.961442,PO11 9,Hayling Island,4,j7
60,"8,403 ",50.79564394,-1.129617971,urban,0 ,,,PO12 1,,,
61,"10,332 ",50.78839742,-1.148249125,urban,0 ,,,PO12 2,,,
62,"11,666 ",50.79981368,-1.149297451,urban,0 ,,,PO12 3,,,
63,"15,965 ",50.80763388,-1.141889627,urban,0 ,,,PO12 4,,,
64,"15,419 ",50.82254172,-1.171899499,urban,0 ,,,PO13 0,,,
65,"8,552 ",50.80240556,-1.179692057,urban,"147,963 ",50.796712,-1.167894,PO13 8,Gosport,1,j8
66,"11,731 ",50.80502692,-1.186899096,urban,0 ,,,PO13 9,,,
67,"8,552 ",50.84479938,-1.196306634,urban,0 ,,,PO14 1,,,
68,"7,628 ",50.82502311,-1.212076669,urban,0 ,,,PO14 2,,,
69,"8,746 ",50.83232774,-1.220390044,urban,0 ,,,PO14 3,,,
70,"8,726 ",50.85101712,-1.245183875,urban,0 ,,,PO14 4,,,
71,"7,023 ",50.8563158,-1.218817466,urban,"139,149 ",50.865268,-1.241278,PO15 5,Segensworth,1,j9
72,"8,300 ",50.86219162,-1.209808655,urban,0 ,,,PO15 6,,,
73,"7,741 ",50.87423339,-1.237136069,urban,0 ,,,PO15 7,,,
74,"5,406 ",50.84857408,-1.181366278,urban,0 ,,,PO16 0,,,
75,"8,002 ",50.85701751,-1.185158868,urban,0 ,,,PO16 7,,,
76,"10,355 ",50.85194978,-1.147261631,urban,0 ,,,PO16 8,,,
77,"8,774 ",50.84322484,-1.13281599,urban,0 ,,,PO16 9,,,
78,"4,680 ",50.89060999,-1.193618697,rural,0 ,,,PO17 5,,,
79,"2,285 ",50.88350551,-1.140887414,rural,0 ,,,PO17 6,,,
80,"12,294 ",50.81759916,-1.073521904,urban,0 ,,,PO2 0,,,
81,"12,810 ",50.80891577,-1.078632573,urban,0 ,,,PO2 7,,,
82,"8,680 ",50.81622249,-1.085849083,urban,0 ,,,PO2 8,,,
83,"8,738 ",50.82254953,-1.077456766,urban,0 ,,,PO2 9,,,
84,"8,518 ",50.82167088,-1.061208692,urban,0 ,,,PO3 5,,,
85,"12,086 ",50.80534559,-1.062054715,urban,0 ,,,PO3 6,,,
86,"13,224 ",50.78825974,-1.075961993,urban,0 ,,,PO4 0,,,
87,"13,645 ",50.79560974,-1.059044019,urban,0 ,,,PO4 8,,,
88,"14,403 ",50.78832055,-1.060185051,urban,0 ,,,PO4 9,,,
89,"9,066 ",50.79265635,-1.083327938,urban,0 ,,,PO5 1,,,
90,"7,114 ",50.78588176,-1.083587979,urban,0 ,,,PO5 2,,,
91,"5,340 ",50.78776947,-1.091385598,urban,0 ,,,PO5 3,,,
92,"7,868 ",50.7941827,-1.089056128,urban,0 ,,,PO5 4,,,
93,"8,289 ",50.84462756,-1.041184465,urban,0 ,,,PO6 1,,,
94,"13,090 ",50.84342545,-1.059644157,urban,0 ,,,PO6 2,,,
95,"9,972 ",50.84708793,-1.073934394,urban,0 ,,,PO6 3,,,
96,"11,169 ",50.84920066,-1.099336294,urban,"162,618 ",50.83896,-1.094315,PO6 4,Portsmouth,0,j10
97,"1,490 ",50.88041114,-1.043811,urban,0 ,,,PO7 3,,,
98,"1,305 ",50.92570671,-1.086228833,urban,0 ,,,PO7 4,,,
99,"12,524 ",50.86667372,-1.04056424,urban,0 ,,,PO7 5,,,
100,"10,041 ",50.9006458,-1.06118068,urban,0 ,,,PO7 6,,,
101,"10,820 ",50.88204753,-1.033898219,urban,"124,565 ",50.885868,-1.051537,PO7 7,Waterlooville,1,j11
102,"7,999 ",50.8785399,-1.020520763,urban,0 ,,,PO7 8,,,
103,"11,477 ",50.92727378,-1.003957399,urban,0 ,,,PO8 0,,,
104,"9,884 ",50.89550448,-1.025175434,urban,0 ,,,PO8 8,,,
105,"14,391 ",50.90570114,-1.018097005,urban,0 ,,,PO8 9,,,
106,"5,136 ",50.85044453,-0.984815267,urban,"134,128 ",50.846996,-1.001262,PO9 1,Havant,2,j12
107,"11,335 ",50.85758713,-0.97300588,urban,0 ,,,PO9 2,,,
108,"11,004 ",50.85772226,-1.002003476,urban,0 ,,,PO9 3,,,
109,"10,134 ",50.87091134,-0.996878619,urban,0 ,,,PO9 4,,,
110,"10,126 ",50.86885233,-0.975292917,urban,0 ,,,PO9 5,,,
111,"3,171 ",50.88939074,-0.958118932,rural,0 ,,,PO9 6,,,
112,"3,775 ",51.3732356,-1.254660254,urban,0 ,,,RG19 8,,,
113,"2,037 ",51.3728123,-1.390392728,urban,0 ,,,RG20 0,,,
114,"1,427 ",51.35240688,-1.280079258,urban,0 ,,,RG20 4,,,
115,"2,992 ",51.33746454,-1.258940427,urban,0 ,,,RG20 5,,,
116,"5,514 ",51.35239108,-1.35151722,urban,0 ,,,RG20 9,,,
117,"8,074 ",51.25760829,-1.088625135,urban,0 ,,,RG21 3,,,
118,"3,770 ",51.26961966,-1.084190455,urban,0 ,,,RG21 4,,,
119,"7,852 ",51.27427743,-1.088785104,urban,0 ,,,RG21 5,,,
120,"1,915 ",51.27227682,-1.102504262,urban,0 ,,,RG21 6,,,
121,"4,844 ",51.26662304,-1.091858539,urban,0 ,,,RG21 7,,,
122,"4,172 ",51.2646017,-1.099285567,urban,0 ,,,RG21 8,,,
123,"21,023 ",51.24665215,-1.118210698,urban,0 ,,,RG22 4,,,
124,"11,065 ",51.25286349,-1.134806991,urban,0 ,,,RG22 5,,,
125,"10,326 ",51.25828943,-1.116545319,urban,0 ,,,RG22 6,,,
126,"6,624 ",51.246555,-1.165090781,urban,0 ,,,RG23 7,,,
127,"6,967 ",51.27086572,-1.125416652,urban,0 ,,,RG23 8,,,
128,"4,057 ",51.27006006,-1.048185531,urban,0 ,,,RG24 7,,,
129,"12,527 ",51.28568088,-1.067663047,urban,"144,971 ",51.278367,-1.068293,RG24 8,Basingstoke,1,j13
130,"22,742 ",51.28378528,-1.100162592,urban,0 ,,,RG24 9,,,
131,"3,971 ",51.22198512,-1.095052382,urban,0 ,,,RG25 2,,,
132,"4,912 ",51.24414733,-1.257428389,urban,0 ,,,RG25 3,,,
133,"8,074 ",51.35447867,-1.127504094,urban,0 ,,,RG26 3,,,
134,"5,229 ",51.3606213,-1.138414967,urban,0 ,,,RG26 4,,,
135,"10,100 ",51.33604784,-1.113254251,urban,0 ,,,RG26 5,,,
136,"6,340 ",51.32319496,-0.970085407,urban,0 ,,,RG27 0,,,
137,"7,597 ",51.2983896,-0.913066944,urban,"43,235 ",51.315934,-0.896309,RG27 8,Hartley Wintney,4,j14
138,"10,285 ",51.28303834,-0.963457179,urban,0 ,,,RG27 9,,,
139,"6,418 ",51.23471703,-1.332468305,urban,0 ,,,RG28 7,,,
140,"7,064 ",51.24902658,-0.947252192,urban,0 ,,,RG29 1,,,
141,"10,584 ",51.3850379,-0.967887809,urban,0 ,,,RG7 1,,,
142,"2,071 ",51.3596114,-1.058784178,urban,0 ,,,RG7 2,,,
143,"8,835 ",50.91330696,-1.393828684,urban,0 ,,,SO14 0,,,
144,"3,862 ",50.90579817,-1.396746437,urban,0 ,,,SO14 1,,,
145,"1,508 ",50.90202715,-1.402668435,urban,0 ,,,SO14 2,,,
146,"8,377 ",50.90088756,-1.395746964,urban,0 ,,,SO14 3,,,
147,"2,639 ",50.90722498,-1.388452377,urban,0 ,,,SO14 5,,,
148,"5,360 ",50.91832706,-1.39836788,urban,0 ,,,SO14 6,,,
149,417 ,50.90797025,-1.403262667,urban,0 ,,,SO14 7,,,
150,"1,313 ",50.91657188,-1.453203526,urban,"144,971 ",50.915935,-1.460162,SO15 0,Southampton,0,j15
151,"2,945 ",50.90904152,-1.421087439,urban,0 ,,,SO15 1,,,
152,"10,497 ",50.91467707,-1.411486138,urban,0 ,,,SO15 2,,,
153,"7,493 ",50.91517145,-1.427808325,urban,0 ,,,SO15 3,,,
154,"3,555 ",50.91765865,-1.44352061,urban,0 ,,,SO15 4,,,
155,"12,355 ",50.91995694,-1.424980442,urban,0 ,,,SO15 5,,,
156,"2,888 ",50.92577806,-1.421120041,urban,0 ,,,SO15 7,,,
157,"3,055 ",50.91757827,-1.435012008,urban,0 ,,,SO15 8,,,
158,"2,535 ",50.94109722,-1.467897779,urban,0 ,,,SO16 0,,,
159,"1,274 ",50.93756391,-1.386716191,urban,0 ,,,SO16 2,,,
160,"10,903 ",50.93914701,-1.398439851,urban,0 ,,,SO16 3,,,
161,"8,631 ",50.92363009,-1.444414652,urban,0 ,,,SO16 4,,,
162,"7,457 ",50.93537673,-1.438271617,urban,0 ,,,SO16 5,,,
163,"7,930 ",50.93039005,-1.431340396,urban,0 ,,,SO16 6,,,
164,"6,446 ",50.94056254,-1.413476491,urban,0 ,,,SO16 7,,,
165,"12,073 ",50.94204378,-1.446297308,urban,0 ,,,SO16 8,,,
166,"12,789 ",50.92744535,-1.457239618,urban,0 ,,,SO16 9,,,
167,"6,868 ",50.92603661,-1.402162126,urban,0 ,,,SO17 1,,,
168,"7,799 ",50.92358497,-1.392783986,urban,0 ,,,SO17 2,,,
169,"5,168 ",50.93145071,-1.393979856,urban,0 ,,,SO17 3,,,
170,"8,411 ",50.92210741,-1.376046907,urban,0 ,,,SO18 1,,,
171,"9,999 ",50.93625546,-1.365842443,urban,0 ,,,SO18 2,,,
172,"4,313 ",50.92891631,-1.345566703,urban,0 ,,,SO18 3,,,
173,"4,356 ",50.92074448,-1.367633298,urban,0 ,,,SO18 4,,,
174,"8,049 ",50.9185715,-1.346309937,urban,0 ,,,SO18 5,,,
175,"2,337 ",50.91817535,-1.356508929,urban,0 ,,,SO18 6,,,
176,"3,883 ",50.89999619,-1.341145707,urban,0 ,,,SO19 0,,,
177,"2,650 ",50.90008478,-1.345673545,urban,0 ,,,SO19 1,,,
178,"6,852 ",50.90315017,-1.369043336,urban,0 ,,,SO19 2,,,
179,"1,616 ",50.91421407,-1.369108,urban,0 ,,,SO19 4,,,
180,"1,673 ",50.91257384,-1.3479102,urban,0 ,,,SO19 5,,,
181,"9,243 ",50.90824011,-1.334755321,urban,0 ,,,SO19 6,,,
182,"7,289 ",50.90849924,-1.369963121,urban,0 ,,,SO19 7,,,
183,"8,147 ",50.90443357,-1.35430501,urban,0 ,,,SO19 8,,,
184,"17,143 ",50.89349066,-1.370711068,urban,0 ,,,SO19 9,,,
185,"4,480 ",51.10258337,-1.458019634,urban,0 ,,,SO20 6,,,
186,"3,585 ",51.1292041,-1.553483568,urban,0 ,,,SO20 8,,,
187,"8,143 ",51.03411534,-1.291493024,rural,0 ,,,SO21 1,,,
188,"6,383 ",51.04630429,-1.351008337,rural,0 ,,,SO21 2,,,
189,"6,349 ",51.14425456,-1.312545568,rural,0 ,,,SO21 3,,,
190,"11,825 ",51.05397054,-1.332897556,rural,0 ,,,SO22 4,,,
191,"8,999 ",51.06529427,-1.333538195,rural,0 ,,,SO22 5,,,
192,"10,829 ",51.07770777,-1.329001463,rural,0 ,,,SO22 6,,,
193,"5,702 ",51.06260596,-1.301225222,rural,0 ,,,SO23 0,,,
194,"9,683 ",51.08056867,-1.306283876,rural,0 ,,,SO23 7,,,
195,"3,011 ",51.06353806,-1.308659306,rural,0 ,,,SO23 8,,,
196,"4,913 ",51.05869482,-1.31239766,rural,"133,021 ",51.054371,-1.305922,SO23 9,Winchester,1,j16
197,"4,214 ",51.07001532,-1.135314744,urban,0 ,,,SO24 0,,,
198,"7,240 ",51.09624789,-1.160082793,urban,"29,456 ",51.081806,-1.17167,SO24 9,Alresford,4,j17
199,"6,830 ",50.91130653,-1.301657698,urban,0 ,,,SO30 0,,,
200,"13,708 ",50.92159193,-1.291866267,urban,"62,308 ",50.926139,-1.300277,SO30 2,Hedge End,3,j18
201,"6,906 ",50.9282859,-1.32936354,urban,0 ,,,SO30 3,,,
202,"6,095 ",50.91682844,-1.306900925,urban,0 ,,,SO30 4,,,
203,"3,030 ",50.88079678,-1.27546483,urban,0 ,,,SO31 1,,,
204,"4,628 ",50.86381839,-1.312156038,urban,0 ,,,SO31 4,,,
205,"6,415 ",50.87561395,-1.337196146,urban,"102,758 ",50.879728,-1.353452,SO31 5,Netley,2,j19
206,"11,598 ",50.86406005,-1.273166361,urban,0 ,,,SO31 6,,,
207,"8,100 ",50.87278462,-1.281617899,urban,0 ,,,SO31 7,,,
208,"8,245 ",50.88576543,-1.310584996,urban,0 ,,,SO31 8,,,
209,"6,646 ",50.85676785,-1.287215141,urban,0 ,,,SO31 9,,,
210,"7,817 ",50.95671161,-1.223470837,urban,"51,980 ",50.957323,-1.221867,SO32 1,Bishops Waltham,4,j20
211,"12,921 ",50.93336708,-1.230386472,urban,0 ,,,SO32 2,,,
212,"2,936 ",50.95709802,-1.156070872,urban,0 ,,,SO32 3,,,
213,"8,811 ",50.9269462,-1.529581286,urban,0 ,,,SO40 2,,,
214,"7,597 ",50.92458319,-1.49767805,urban,0 ,,,SO40 3,,,
215,"5,966 ",50.8965654,-1.456978832,urban,"97,311 ",50.900728,-1.463743,SO40 4,Marchwood,3,j21
216,"5,086 ",50.90743163,-1.520573354,urban,0 ,,,SO40 7,,,
217,"8,226 ",50.92004083,-1.510566748,urban,0 ,,,SO40 8,,,
218,"5,420 ",50.91375233,-1.491464101,urban,0 ,,,SO40 9,,,
219,"10,117 ",50.73984952,-1.592992472,urban,0 ,,,SO41 0,,,
220,"2,806 ",50.75480794,-1.540197338,urban,0 ,,,SO41 3,,,
221,"1,558 ",50.77159676,-1.520387581,urban,0 ,,,SO41 5,,,
222,"3,558 ",50.77706357,-1.59592326,urban,0 ,,,SO41 6,,,
223,"7,226 ",50.7586282,-1.556957224,urban,"98,863 ",50.749266,-1.558411,SO41 8,Efford,2,j22
224,"6,686 ",50.75906377,-1.544992937,urban,0 ,,,SO41 9,,,
225,"4,864 ",50.80617358,-1.538703041,urban,0 ,,,SO42 7,,,
226,"4,379 ",50.88909963,-1.582230893,urban,0 ,,,SO43 7,,,
227,"7,593 ",50.82323197,-1.368218112,urban,0 ,,,SO45 1,,,
228,"6,575 ",50.83575245,-1.388064629,urban,0 ,,,SO45 2,,,
229,"4,795 ",50.85389373,-1.396423536,urban,0 ,,,SO45 3,,,
230,"4,890 ",50.85665114,-1.4094274,urban,0 ,,,SO45 4,,,
231,"7,132 ",50.86484174,-1.412612498,urban,0 ,,,SO45 5,,,
232,"3,388 ",50.86770764,-1.398935825,urban,0 ,,,SO45 6,,,
233,"9,357 ",50.98031991,-1.355876329,urban,0 ,,,SO50 4,,,
234,"10,769 ",50.96537166,-1.359005736,urban,0 ,,,SO50 5,,,
235,"6,790 ",50.97405974,-1.335665489,urban,0 ,,,SO50 6,,,
236,"9,474 ",50.96321839,-1.302345678,urban,"93,342 ",50.960709,-1.285647,SO50 7,Fair Oak,4,j23
237,"6,545 ",50.96678538,-1.317282042,urban,0 ,,,SO50 8,,,
238,"8,907 ",50.96865603,-1.365667669,urban,0 ,,,SO50 9,,,
239,"7,237 ",51.0157243,-1.507939093,urban,"69,924 ",51.021884,-1.48989,SO51 0,Casbrook,3,j24
240,"4,099 ",50.98824124,-1.480269301,urban,0 ,,,SO51 5,,,
241,"4,716 ",50.98088386,-1.56030701,urban,0 ,,,SO51 6,,,
242,"7,686 ",50.9957372,-1.484032427,urban,0 ,,,SO51 7,,,
243,"4,868 ",50.98941512,-1.49204485,urban,0 ,,,SO51 8,,,
244,"1,415 ",50.98997965,-1.464330845,urban,0 ,,,SO51 9,,,
245,"7,205 ",50.97749674,-1.43687636,urban,0 ,,,SO52 9,,,
246,"5,157 ",50.99179944,-1.383000174,urban,0 ,,,SO53 1,,,
247,"8,324 ",50.98442569,-1.373954193,urban,0 ,,,SO53 2,,,
248,"6,504 ",50.97388171,-1.380991004,urban,"197,052 ",50.965077,-1.386758,SO53 3,Eastleigh,1,j25
249,"7,372 ",50.9810945,-1.390734537,urban,0 ,,,SO53 4,,,
250,"4,732 ",50.99671597,-1.377750939,urban,0 ,,,SO53 5,,,
251,"4,116 ",51.21052365,-1.475262662,urban,0 ,,,SP10 1,,,
252,"9,944 ",51.20384464,-1.479809291,urban,0 ,,,SP10 2,,,
253,"13,138 ",51.20979159,-1.497247755,urban,0 ,,,SP10 3,,,
254,"6,941 ",51.21997387,-1.489878931,urban,0 ,,,SP10 4,,,
255,"5,657 ",51.21801642,-1.468984509,urban,"153,500 ",51.211955,-1.451613,SP10 5,Andover,1,j26
256,"3,485 ",51.26327812,-1.488958703,urban,0 ,,,SP11 0,,,
257,"15,510 ",51.22596117,-1.436844345,urban,0 ,,,SP11 6,,,
258,"4,673 ",51.18432761,-1.502611098,urban,0 ,,,SP11 7,,,
259,"3,983 ",51.20106497,-1.568603691,urban,0 ,,,SP11 8,,,
260,"8,069 ",51.25051769,-1.595859856,urban,0 ,,,SP11 9,,,
261,"4,624 ",51.07745793,-1.661533551,urban,0 ,,,SP5 1,,,
262,"6,581 ",50.93102032,-1.798582618,urban,0 ,,,SP6 1,,,
263,"2,887 ",50.93926837,-1.763482142,urban,0 ,,,SP6 2,,,
264,"4,704 ",50.93775129,-1.838038032,urban,0 ,,,SP6 3,,,
265,"12,124 ",51.23292587,-1.663564904,urban,0 ,,,SP9 7,,,
,,,,,,,,,,,
,,,,,,,,,,,
,,,,,,,,,,,
,,,,,,,,,,,
,,,,,,,,,,,
,,,,,,,,,,,
,,,,,,,,,,,
,,,,,,,,,,,
,,,,,,,,,,,
,,,,,,,,,,,
,,,,,,,,,,,
,,,,,,,,,,,
,,,,,,,,,,,
,,,,,,,,,,,
,,,,,,,,,,,
,,,,,,,,,,,
,,,,,,,,,,,
,,,,,,,,,,,
,,,,,,,,,,,
,,,,,,,,,,,
,,,,,,,,,,,
,,,,,,,,,,,
,,,,,,,,,,,
,,,,,,,,,,,
,,,,,,,,,,,
,,,,,,,,,,,
,,,,,,,,,,,
,,,,,,,,,,,
,,,,,,,,,,,
,,,,,,,,,,,
,,,,,,,,,,,
,,,,,,,,,,,
,,,,,,,,,,,
,,,,,,,,,,,
